{"cameraMode":{"drawMode":0,"name":"Shaded","section":"Shading Mode"},"sceneLighting":false,"audioPlay":false,"sceneViewState":{"m_AlwaysRefresh":false,"showFog":true,"showSkybox":false,"showFlares":true,"showImageEffects":true,"showParticleSystems":true,"showVisualEffectGraphs":true,"m_FxEnabled":true},"in2DMode":false,"pivot":{"x":0.17799997329711915,"y":0.8153018951416016,"z":0.7874770164489746},"rotation":{"x":0.02137761004269123,"y":-0.9784206748008728,"z":0.1347012221813202,"w":0.15536819398403169},"size":7.370939254760742,"orthographic":false}