{"cameraMode":{"drawMode":0,"name":"Shaded","section":"Shading Mode"},"sceneLighting":false,"audioPlay":false,"sceneViewState":{"m_AlwaysRefresh":false,"showFog":true,"showSkybox":false,"showFlares":true,"showImageEffects":true,"showParticleSystems":true,"showVisualEffectGraphs":true,"m_FxEnabled":true},"in2DMode":false,"pivot":{"x":0.17610454559326173,"y":1.1800000667572022,"z":7.163026809692383},"rotation":{"x":0.02137761004269123,"y":-0.9784206748008728,"z":0.1347012221813202,"w":0.15536819398403169},"size":12.185121536254883,"orthographic":false}