{"cameraMode":{"drawMode":0,"name":"Shaded","section":"Shading Mode"},"sceneLighting":false,"audioPlay":false,"sceneViewState":{"m_AlwaysRefresh":false,"showFog":true,"showSkybox":false,"showFlares":true,"showImageEffects":true,"showParticleSystems":true,"showVisualEffectGraphs":true,"m_FxEnabled":true},"in2DMode":false,"pivot":{"x":0.06264501810073853,"y":1.4428224563598633,"z":0.004390060901641846},"rotation":{"x":0.05300353467464447,"y":0.911169707775116,"z":-0.12404815107584,"w":0.38932549953460696},"size":2.6347665786743166,"orthographic":false}