{"cameraMode":{"drawMode":0,"name":"Shaded","section":"Shading Mode"},"sceneLighting":false,"audioPlay":false,"sceneViewState":{"m_AlwaysRefresh":false,"showFog":true,"showSkybox":false,"showFlares":true,"showImageEffects":true,"showParticleSystems":true,"showVisualEffectGraphs":true,"m_FxEnabled":true},"in2DMode":false,"pivot":{"x":0.015412211418151856,"y":0.5696159601211548,"z":0.011574864387512207},"rotation":{"x":0.012219296768307686,"y":-0.9791996479034424,"z":0.19278931617736817,"w":0.062062520533800128},"size":1.8213938474655152,"orthographic":true}