{"cameraMode":{"drawMode":0,"name":"Shaded","section":"Shading Mode"},"sceneLighting":false,"audioPlay":false,"sceneViewState":{"m_AlwaysRefresh":false,"showFog":true,"showSkybox":false,"showFlares":true,"showImageEffects":true,"showParticleSystems":true,"showVisualEffectGraphs":true,"m_FxEnabled":true},"in2DMode":false,"pivot":{"x":243.2359619140625,"y":0.9220664501190186,"z":230.47320556640626},"rotation":{"x":0.22102484107017518,"y":0.31507107615470889,"z":-0.07570528984069824,"w":0.9198629260063171},"size":2.8504045009613039,"orthographic":false}