{"cameraMode":{"drawMode":0,"name":"Shaded","section":"Shading Mode"},"sceneLighting":false,"audioPlay":false,"sceneViewState":{"m_AlwaysRefresh":false,"showFog":true,"showSkybox":false,"showFlares":true,"showImageEffects":true,"showParticleSystems":true,"showVisualEffectGraphs":true,"m_FxEnabled":true},"in2DMode":false,"pivot":{"x":0.0100250244140625,"y":2.190000295639038,"z":-4.010000228881836},"rotation":{"x":-0.018813300877809526,"y":-0.9541712403297424,"z":0.29234862327575686,"w":-0.061345238238573077},"size":12.12435531616211,"orthographic":false}