{"cameraMode":{"drawMode":0,"name":"Shaded","section":"Shading Mode"},"sceneLighting":false,"audioPlay":false,"sceneViewState":{"m_AlwaysRefresh":false,"showFog":true,"showSkybox":false,"showFlares":true,"showImageEffects":true,"showParticleSystems":true,"showVisualEffectGraphs":true,"m_FxEnabled":true},"in2DMode":false,"pivot":{"x":-2.0573222637176515,"y":3.2473835945129396,"z":-1.2642205953598023},"rotation":{"x":-0.00011332704161759466,"y":-0.9989352822303772,"z":0.002397064119577408,"w":-0.04620562121272087},"size":3.4905569553375246,"orthographic":false}