{"cameraMode":{"drawMode":0,"name":"Shaded","section":"Shading Mode"},"sceneLighting":false,"audioPlay":false,"sceneViewState":{"m_AlwaysRefresh":false,"showFog":true,"showSkybox":false,"showFlares":true,"showImageEffects":true,"showParticleSystems":true,"showVisualEffectGraphs":true,"m_FxEnabled":true},"in2DMode":false,"pivot":{"x":2.9842429161071779,"y":1.7129340171813965,"z":9.756587982177735},"rotation":{"x":0.06411678344011307,"y":0.5797957181930542,"z":-0.04584088921546936,"w":0.8109695911407471},"size":1.0140811204910279,"orthographic":true}