{"cameraMode":{"drawMode":0,"name":"Shaded","section":"Shading Mode"},"sceneLighting":false,"audioPlay":false,"sceneViewState":{"m_AlwaysRefresh":false,"showFog":true,"showSkybox":false,"showFlares":true,"showImageEffects":true,"showParticleSystems":true,"showVisualEffectGraphs":true,"m_FxEnabled":true},"in2DMode":false,"pivot":{"x":1.2785205841064454,"y":-8.196723937988282,"z":-1.4743995666503907},"rotation":{"x":-0.011758876033127308,"y":-0.8174763917922974,"z":0.016667159274220468,"w":-0.5756423473358154},"size":3.2541158199310304,"orthographic":true}