{"cameraMode":{"drawMode":0,"name":"Shaded","section":"Shading Mode"},"sceneLighting":false,"audioPlay":false,"sceneViewState":{"m_AlwaysRefresh":false,"showFog":true,"showSkybox":false,"showFlares":true,"showImageEffects":true,"showParticleSystems":true,"showVisualEffectGraphs":true,"m_FxEnabled":true},"in2DMode":false,"pivot":{"x":-4.812325954437256,"y":-8.180976867675782,"z":5.034283638000488},"rotation":{"x":0.0004569634038489312,"y":0.9759400486946106,"z":-0.21813517808914185,"w":0.0020625863689929249},"size":2.8359222412109377,"orthographic":true}