{"cameraMode":{"drawMode":0,"name":"Shaded","section":"Shading Mode"},"sceneLighting":false,"audioPlay":false,"sceneViewState":{"m_AlwaysRefresh":false,"showFog":true,"showSkybox":false,"showFlares":true,"showImageEffects":true,"showParticleSystems":true,"showVisualEffectGraphs":true,"m_FxEnabled":true},"in2DMode":false,"pivot":{"x":-0.032816410064697269,"y":1.1474112272262574,"z":-0.09199315309524536},"rotation":{"x":-0.00014430876763071865,"y":-0.9997242093086243,"z":-0.005099317990243435,"w":0.023978380486369134},"size":2.191800832748413,"orthographic":true}