{"cameraMode":{"drawMode":0,"name":"Shaded","section":"Shading Mode"},"sceneLighting":true,"audioPlay":false,"sceneViewState":{"m_AlwaysRefresh":false,"showFog":true,"showSkybox":true,"showFlares":true,"showImageEffects":true,"showParticleSystems":true,"showVisualEffectGraphs":true,"m_FxEnabled":true},"in2DMode":false,"pivot":{"x":391.2473449707031,"y":508.0337219238281,"z":461.6107482910156},"rotation":{"x":-0.0012012525694444776,"y":-0.005098987370729446,"z":-0.000009183427209791262,"w":0.9999943971633911},"size":824.3279418945313,"orthographic":false}