{"cameraMode":{"drawMode":0,"name":"Shaded","section":"Shading Mode"},"sceneLighting":true,"audioPlay":false,"sceneViewState":{"m_AlwaysRefresh":false,"showFog":true,"showSkybox":true,"showFlares":true,"showImageEffects":true,"showParticleSystems":true,"showVisualEffectGraphs":true,"m_FxEnabled":true},"in2DMode":false,"pivot":{"x":954.858154296875,"y":467.68939208984377,"z":9.349594116210938},"rotation":{"x":0.04138176888227463,"y":-0.014986641705036164,"z":0.0006207955884747207,"w":0.9990314245223999},"size":372.4615783691406,"orthographic":false}