{"cameraMode":{"drawMode":0,"name":"Shaded","section":"Shading Mode"},"sceneLighting":true,"audioPlay":false,"sceneViewState":{"m_AlwaysRefresh":false,"showFog":true,"showSkybox":true,"showFlares":true,"showImageEffects":true,"showParticleSystems":true,"showVisualEffectGraphs":true,"m_FxEnabled":true},"in2DMode":false,"pivot":{"x":-2.7156877517700197,"y":6.173809051513672,"z":0.9178324937820435},"rotation":{"x":0.2745000123977661,"y":-0.6737607717514038,"z":0.29967671632766726,"w":0.6171781420707703},"size":31.541728973388673,"orthographic":true}