{"cameraMode":{"drawMode":0,"name":"Shaded","section":"Shading Mode"},"sceneLighting":false,"audioPlay":false,"sceneViewState":{"m_AlwaysRefresh":false,"showFog":true,"showSkybox":true,"showFlares":true,"showImageEffects":true,"showParticleSystems":true,"showVisualEffectGraphs":true,"m_FxEnabled":true},"in2DMode":false,"pivot":{"x":1046.4700927734375,"y":1084.3118896484375,"z":139.063720703125},"rotation":{"x":0.007497969549149275,"y":-0.0012939139269292355,"z":-0.00004298030034988187,"w":1.0000357627868653},"size":1141.536376953125,"orthographic":false}