{"cameraMode":{"drawMode":0,"name":"Shaded","section":"Shading Mode"},"sceneLighting":false,"audioPlay":false,"sceneViewState":{"m_AlwaysRefresh":false,"showFog":true,"showSkybox":true,"showFlares":true,"showImageEffects":true,"showParticleSystems":true,"showVisualEffectGraphs":true,"m_FxEnabled":true},"in2DMode":false,"pivot":{"x":0.18457698822021485,"y":2.34531307220459,"z":2.3218016624450685},"rotation":{"x":-0.035069096833467486,"y":0.2852655053138733,"z":0.010447743348777295,"w":0.9577544331550598},"size":3.479581594467163,"orthographic":false}