{"cameraMode":{"drawMode":0,"name":"Shaded","section":"Shading Mode"},"sceneLighting":false,"audioPlay":false,"sceneViewState":{"m_AlwaysRefresh":false,"showFog":true,"showSkybox":false,"showFlares":true,"showImageEffects":true,"showParticleSystems":true,"showVisualEffectGraphs":true,"m_FxEnabled":true},"in2DMode":false,"pivot":{"x":227.5713653564453,"y":1.2775038480758668,"z":236.76730346679688},"rotation":{"x":0.22102484107017518,"y":0.31507107615470889,"z":-0.07570528984069824,"w":0.9198629260063171},"size":2.0122320652008058,"orthographic":false}