{"cameraMode":{"drawMode":0,"name":"Shaded","section":"Shading Mode"},"sceneLighting":false,"audioPlay":false,"sceneViewState":{"m_AlwaysRefresh":false,"showFog":true,"showSkybox":false,"showFlares":true,"showImageEffects":true,"showParticleSystems":true,"showVisualEffectGraphs":true,"m_FxEnabled":true},"in2DMode":false,"pivot":{"x":-0.5040633678436279,"y":1.2101802825927735,"z":-1.6023286581039429},"rotation":{"x":-0.3481464087963104,"y":0.17650902271270753,"z":-0.06692389398813248,"w":-0.9182456731796265},"size":1.8226011991500855,"orthographic":true}