{"cameraMode":{"drawMode":0,"name":"Shaded","section":"Shading Mode"},"sceneLighting":false,"audioPlay":false,"sceneViewState":{"m_AlwaysRefresh":false,"showFog":true,"showSkybox":false,"showFlares":true,"showImageEffects":true,"showParticleSystems":true,"showVisualEffectGraphs":true,"m_FxEnabled":true},"in2DMode":false,"pivot":{"x":-0.03768956661224365,"y":1.02046537399292,"z":0.14991697669029237},"rotation":{"x":0.03355373814702034,"y":0.9547668695449829,"z":-0.11833246052265167,"w":0.2707277238368988},"size":2.1705520153045656,"orthographic":false}