{"cameraMode":{"drawMode":0,"name":"Shaded","section":"Shading Mode"},"sceneLighting":false,"audioPlay":false,"sceneViewState":{"m_AlwaysRefresh":false,"showFog":false,"showSkybox":false,"showFlares":false,"showImageEffects":false,"showParticleSystems":false,"showVisualEffectGraphs":true,"m_FxEnabled":true},"in2DMode":false,"pivot":{"x":0.31716838479042055,"y":0.5430418252944946,"z":-0.02668631076812744},"rotation":{"x":-0.005615753121674061,"y":-0.9713588356971741,"z":0.23648254573345185,"w":-0.02303161844611168},"size":1.1596624851226807,"orthographic":false}