{"cameraMode":{"drawMode":0,"name":"Shaded","section":"Shading Mode"},"sceneLighting":false,"audioPlay":false,"sceneViewState":{"m_AlwaysRefresh":false,"showFog":true,"showSkybox":false,"showFlares":true,"showImageEffects":true,"showParticleSystems":true,"showVisualEffectGraphs":true,"m_FxEnabled":true},"in2DMode":false,"pivot":{"x":-0.10379505157470703,"y":2.0018301010131838,"z":0.08913135528564453},"rotation":{"x":0.012219296768307686,"y":-0.9791996479034424,"z":0.19278931617736817,"w":0.062062520533800128},"size":7.436817169189453,"orthographic":true}