{"cameraMode":{"drawMode":0,"name":"Shaded","section":"Shading Mode"},"sceneLighting":false,"audioPlay":false,"sceneViewState":{"m_AlwaysRefresh":false,"showFog":true,"showSkybox":false,"showFlares":true,"showImageEffects":true,"showParticleSystems":true,"showVisualEffectGraphs":true,"m_FxEnabled":true},"in2DMode":false,"pivot":{"x":245.20350646972657,"y":0.840501606464386,"z":225.81454467773438},"rotation":{"x":0.22102484107017518,"y":0.31507107615470889,"z":-0.07570528984069824,"w":0.9198629260063171},"size":1.4637199640274048,"orthographic":false}