{"cameraMode":{"drawMode":0,"name":"Shaded","section":"Shading Mode"},"sceneLighting":false,"audioPlay":false,"sceneViewState":{"m_AlwaysRefresh":false,"showFog":false,"showSkybox":false,"showFlares":false,"showImageEffects":false,"showParticleSystems":false,"showVisualEffectGraphs":true,"m_FxEnabled":true},"in2DMode":false,"pivot":{"x":-0.11238329112529755,"y":1.3122392892837525,"z":0.09769999980926514},"rotation":{"x":0.0015896541299298406,"y":-0.9953729510307312,"z":0.09465499222278595,"w":0.016716890037059785},"size":1.7352356910705567,"orthographic":false}