{"cameraMode":{"drawMode":0,"name":"Shaded","section":"Shading Mode"},"sceneLighting":false,"audioPlay":false,"sceneViewState":{"m_AlwaysRefresh":false,"showFog":true,"showSkybox":false,"showFlares":true,"showImageEffects":true,"showParticleSystems":true,"showVisualEffectGraphs":true,"m_FxEnabled":true},"in2DMode":false,"pivot":{"x":2.3126726150512697,"y":0.7947053909301758,"z":0.2000424861907959},"rotation":{"x":-0.0007074348395690322,"y":-0.9558636546134949,"z":0.0022930975537747146,"w":-0.2938220500946045},"size":6.750320911407471,"orthographic":false}