{"cameraMode":{"drawMode":0,"name":"Shaded","section":"Shading Mode"},"sceneLighting":false,"audioPlay":false,"sceneViewState":{"m_AlwaysRefresh":false,"showFog":true,"showSkybox":false,"showFlares":true,"showImageEffects":true,"showParticleSystems":true,"showVisualEffectGraphs":true,"m_FxEnabled":true},"in2DMode":false,"pivot":{"x":-0.6689054369926453,"y":4.094244956970215,"z":-0.3224681615829468},"rotation":{"x":0.012003174051642418,"y":-0.005614845547825098,"z":-0.000036035195080330595,"w":-0.9999735951423645},"size":2.3228046894073488,"orthographic":true}