{"cameraMode":{"drawMode":0,"name":"Shaded","section":"Shading Mode"},"sceneLighting":false,"audioPlay":false,"sceneViewState":{"m_AlwaysRefresh":false,"showFog":true,"showSkybox":false,"showFlares":true,"showImageEffects":true,"showParticleSystems":true,"showVisualEffectGraphs":true,"m_FxEnabled":true},"in2DMode":false,"pivot":{"x":0.3723217844963074,"y":1.5941658020019532,"z":0.432695209980011},"rotation":{"x":0.0009199583437293768,"y":0.9989469051361084,"z":-0.04137763753533363,"w":0.021591633558273317},"size":2.1607730388641359,"orthographic":true}