{"cameraMode":{"drawMode":0,"name":"Shaded","section":"Shading Mode"},"sceneLighting":false,"audioPlay":false,"sceneViewState":{"m_AlwaysRefresh":false,"showFog":true,"showSkybox":false,"showFlares":true,"showImageEffects":true,"showParticleSystems":true,"showVisualEffectGraphs":true,"m_FxEnabled":true},"in2DMode":false,"pivot":{"x":0.33757203817367556,"y":1.339337706565857,"z":0.9250055551528931},"rotation":{"x":-0.0009708032011985779,"y":0.9961270093917847,"z":0.011059094220399857,"w":0.08749713003635407},"size":1.344910979270935,"orthographic":true}