{"cameraMode":{"drawMode":0,"name":"Shaded","section":"Shading Mode"},"sceneLighting":false,"audioPlay":false,"sceneViewState":{"m_AlwaysRefresh":false,"showFog":true,"showSkybox":false,"showFlares":true,"showImageEffects":true,"showParticleSystems":true,"showVisualEffectGraphs":true,"m_FxEnabled":true},"in2DMode":false,"pivot":{"x":0.7115064859390259,"y":1.5718426704406739,"z":1.4763466119766236},"rotation":{"x":0.22603189945220948,"y":0.7105368971824646,"z":-0.2620968222618103,"w":0.6127157211303711},"size":2.891035795211792,"orthographic":true}