{"cameraMode":{"drawMode":0,"name":"Shaded","section":"Shading Mode"},"sceneLighting":false,"audioPlay":false,"sceneViewState":{"m_AlwaysRefresh":false,"showFog":true,"showSkybox":false,"showFlares":true,"showImageEffects":true,"showParticleSystems":true,"showVisualEffectGraphs":true,"m_FxEnabled":true},"in2DMode":false,"pivot":{"x":0.041217297315597537,"y":-0.26066964864730837,"z":2.999725580215454},"rotation":{"x":-0.030318021774291993,"y":-0.9660037755966187,"z":0.13356882333755494,"w":-0.21926924586296082},"size":3.2562954425811769,"orthographic":true}