{"cameraMode":{"drawMode":0,"name":"Shaded","section":"Shading Mode"},"sceneLighting":false,"audioPlay":false,"sceneViewState":{"m_AlwaysRefresh":false,"showFog":true,"showSkybox":false,"showFlares":true,"showImageEffects":true,"showParticleSystems":true,"showVisualEffectGraphs":true,"m_FxEnabled":true},"in2DMode":false,"pivot":{"x":-0.3267021179199219,"y":-0.8790035247802734,"z":1.8963794708251954},"rotation":{"x":0.02137761004269123,"y":-0.9784206748008728,"z":0.1347012221813202,"w":0.15536819398403169},"size":41.16719436645508,"orthographic":false}