{"cameraMode":{"drawMode":0,"name":"Shaded","section":"Shading Mode"},"sceneLighting":false,"audioPlay":false,"sceneViewState":{"m_AlwaysRefresh":false,"showFog":true,"showSkybox":false,"showFlares":true,"showImageEffects":true,"showParticleSystems":true,"showVisualEffectGraphs":true,"m_FxEnabled":true},"in2DMode":false,"pivot":{"x":-0.3119626045227051,"y":0.8968976736068726,"z":0.06659150123596192},"rotation":{"x":0.012219296768307686,"y":-0.9791996479034424,"z":0.19278931617736817,"w":0.062062520533800128},"size":2.6268060207366945,"orthographic":true}