{"cameraMode":{"drawMode":0,"name":"Shaded","section":"Shading Mode"},"sceneLighting":false,"audioPlay":false,"sceneViewState":{"m_AlwaysRefresh":false,"showFog":true,"showSkybox":false,"showFlares":true,"showImageEffects":true,"showParticleSystems":true,"showVisualEffectGraphs":true,"m_FxEnabled":true},"in2DMode":false,"pivot":{"x":0.06932131946086884,"y":0.6802823543548584,"z":0.0008547306060791016},"rotation":{"x":0.003719678381457925,"y":0.9947411417961121,"z":-0.09459485858678818,"w":0.03911445289850235},"size":1.1947733163833619,"orthographic":false}