{"cameraMode":{"drawMode":0,"name":"Shaded","section":"Shading Mode"},"sceneLighting":false,"audioPlay":false,"sceneViewState":{"showFog":true,"showMaterialUpdate":false,"showSkybox":true,"showFlares":true,"showImageEffects":true,"showParticleSystems":true},"in2DMode":false,"pivot":{"x":29.684371948242189,"y":-6.416682243347168,"z":13.641403198242188},"rotation":{"x":0.09187095612287522,"y":0.6365310549736023,"z":-0.07675164192914963,"w":0.7619085907936096},"size":15.146427154541016,"orthographic":false}