{"cameraMode":{"drawMode":0,"name":"Shaded","section":"Shading Mode"},"sceneLighting":false,"audioPlay":false,"sceneViewState":{"m_AlwaysRefresh":false,"showFog":true,"showSkybox":false,"showFlares":true,"showImageEffects":true,"showParticleSystems":true,"showVisualEffectGraphs":true,"m_FxEnabled":true},"in2DMode":false,"pivot":{"x":-0.5194308757781982,"y":1.2968612909317017,"z":2.4208590984344484},"rotation":{"x":0.08289244025945664,"y":-0.7711188793182373,"z":0.1026340126991272,"w":0.6229110360145569},"size":2.9998116493225099,"orthographic":false}