{"cameraMode":{"drawMode":0,"name":"Shaded","section":"Shading Mode"},"sceneLighting":false,"audioPlay":false,"sceneViewState":{"m_AlwaysRefresh":false,"showFog":true,"showSkybox":false,"showFlares":true,"showImageEffects":true,"showParticleSystems":true,"showVisualEffectGraphs":true,"m_FxEnabled":true},"in2DMode":false,"pivot":{"x":268.43304443359377,"y":1.3234140872955323,"z":231.35031127929688},"rotation":{"x":0.22102484107017518,"y":0.31507107615470889,"z":-0.07570528984069824,"w":0.9198629260063171},"size":2.336264133453369,"orthographic":false}