{"cameraMode":{"drawMode":0,"name":"Shaded","section":"Shading Mode"},"sceneLighting":false,"audioPlay":false,"sceneViewState":{"m_AlwaysRefresh":false,"showFog":true,"showSkybox":false,"showFlares":true,"showImageEffects":true,"showParticleSystems":true,"showVisualEffectGraphs":true,"m_FxEnabled":true},"in2DMode":false,"pivot":{"x":-1.280502438545227,"y":2.141711473464966,"z":-0.11336743831634522},"rotation":{"x":-0.00011332704161759466,"y":-0.9989352822303772,"z":0.002397064119577408,"w":-0.04620562121272087},"size":2.4027037620544435,"orthographic":false}