{"cameraMode":{"drawMode":0,"name":"Shaded","section":"Shading Mode"},"sceneLighting":false,"audioPlay":false,"sceneViewState":{"m_AlwaysRefresh":false,"showFog":true,"showSkybox":false,"showFlares":true,"showImageEffects":true,"showParticleSystems":true,"showVisualEffectGraphs":true,"m_FxEnabled":true},"in2DMode":false,"pivot":{"x":0.04671469330787659,"y":0.3305356800556183,"z":-0.06002187728881836},"rotation":{"x":0.0094457371160388,"y":-0.987228274345398,"z":0.14556996524333955,"w":0.0640583410859108},"size":1.3455411195755005,"orthographic":true}