{"cameraMode":{"drawMode":0,"name":"Shaded","section":"Shading Mode"},"sceneLighting":false,"audioPlay":false,"sceneViewState":{"m_AlwaysRefresh":false,"showFog":true,"showSkybox":false,"showFlares":true,"showImageEffects":true,"showParticleSystems":true,"showVisualEffectGraphs":true,"m_FxEnabled":true},"in2DMode":false,"pivot":{"x":-0.21557137370109559,"y":0.6720315217971802,"z":0.15585340559482575},"rotation":{"x":-0.2066647857427597,"y":0.47629907727241518,"z":-0.11625629663467407,"w":-0.846717119216919},"size":1.245224118232727,"orthographic":true}