{"cameraMode":{"drawMode":0,"name":"Shaded","section":"Shading Mode"},"sceneLighting":false,"audioPlay":false,"sceneViewState":{"m_AlwaysRefresh":false,"showFog":true,"showSkybox":false,"showFlares":true,"showImageEffects":true,"showParticleSystems":true,"showVisualEffectGraphs":true,"m_FxEnabled":true},"in2DMode":false,"pivot":{"x":997.5763549804688,"y":635.8016967773438,"z":164.8791046142578},"rotation":{"x":-0.007502752356231213,"y":-0.0027931618969887497,"z":-0.00007062684744596481,"w":1.000032901763916},"size":498.5713806152344,"orthographic":false}