{"cameraMode":{"drawMode":0,"name":"Shaded","section":"Shading Mode"},"sceneLighting":false,"audioPlay":false,"sceneViewState":{"m_AlwaysRefresh":false,"showFog":true,"showSkybox":false,"showFlares":true,"showImageEffects":true,"showParticleSystems":true,"showVisualEffectGraphs":true,"m_FxEnabled":true},"in2DMode":false,"pivot":{"x":-0.046662092208862308,"y":0.544093668460846,"z":0.16339504718780518},"rotation":{"x":0.020098524168133737,"y":0.01440497301518917,"z":0.0002888017625082284,"w":-0.9997015595436096},"size":1.5822715759277344,"orthographic":true}